{"_runtime":147.209932826,"_step":68,"_wandb":{"runtime":147},"loss":3.5067362785339355,"_timestamp":1.7458058257626755e+09}