{"kernel":0.9939164519309998,"_wandb":{"runtime":107},"reg":239.07498168945312,"trans":0.0005226607900112867,"_timestamp":1.7458099499733338e+09,"_runtime":105.525928135,"_step":19,"total":243.76351928710938}